Набережная улица,-
Нижнепортовая улица,-
Светланская улица,f
Верхнепортовая улица,-
Корабельная набережная,-
Алеутская улица,-
улица Калинина,m
Харьковская улица,-
Океанский проспект,-
улица Пальчевского,m
улица Лермонтова,m
проспект Красного Знамени,-
улица Суханова,m
Пушкинская улица,m
Октябрьская улица,-
1-я Морская улица,-
улица Махалина,m
улица Уборевича,m
Фонтанная улица,-
2-я Поселковая улица,-
Черёмуховая улица,-
улица 44-й Причал,-
Дальзаводская улица,-
улица Петра Великого,m
улица Мордовцева,m
Партизанский проспект,-
Сахалинская улица,-
Очаковская улица,-
Русская улица,-
улица Стрельникова,m
Луговая улица,-
улица Адмирала Фокина,m
Днепровский переулок,-
Спортивная улица,-
проспект 100-летия Владивостока,-
проспект 100 лет Владивостока,-
Некрасовская улица,m
Ивановская улица,-
улица Толстого,m
Батарейная улица,-
Почтовый переулок,-
Посьетская улица,m
Интернациональная улица,-
Семёновская улица,m
Тигровая улица,-
улица Военное шоссе,-
улица 42-й причал,-
улица Прапорщика Комарова,m
улица Овчинникова,m
улица Анисимова,m
Камская улица,-
Командорская улица,m
улица Борисенко,m
улица Невельского,m
улица Громова,m
улица Бестужева,m
улица Колесника,m
Аксаковская улица,m
Арсенальная улица,-
Горная улица,-
Новоивановская улица,-
Иртышская улица,-
улица Гамарника,m
улица Шепеткова,m
1-я Флотская улица,-
Тунгусская улица,-
Шилкинская улица,-
улица Каплунова,m
Трамвайная улица,-
улица Кутузова,m
Бородинская улица,-
Береговая улица,-
улица Марины Расковой,f
улица Баляева,m
улица Адмирала Юмашева,m
Некрасовский переулок,m
улица Гоголя,m
улица Адмирала Невельского,m
улица Адмирала Спиридонова,m
улица Тухачевского,m
улица Гагарина,m
улица Фадеева,m
Хуторская улица,-
улица Кирова,m
Енисейская улица,-
Карякинская улица,-
улица Ковальчука,m
улица Карла Либкнехта,m
улица Муравьёва-Амурского,m
Абрекская улица,-
улица 40 лет ВЛКСМ,-
улица Героев Хасана,-
улица Часовитина,m
Чукотская улица,-
улица Гризодубовой,f
улица Сафонова,m
улица Талалихина,m
улица Вилкова,m
улица 50 лет ВЛКСМ,-
улица Коммунаров,-
улица Слуцкого,m
улица Героев-Тихоокеанцев,-
Кипарисовая улица,-
Каштановая улица,-
Поселковый переулок,-
улица Адмирала Макарова,m
улица Гастелло,m
Окатовая улица,-
Нерчинская улица,-
улица Котельникова,m
улица Володарского,m
улица Всеволода Сибирцева,m
улица Фирсова,m
улица Луцкого,m
улица Чапаева,m
улица Лазо,m
улица Олега Кошевого,m
улица Терешковой,f
Кизлярская улица,-
Краснознамённый переулок,-
улица Захарова,m
улица Адмирала Захарова,m
улица Державина,m
Писаревская улица,m
Народный проспект,-
Бульварная улица,-
улица Льва Толстого,m
улица Островского,m
улица Сабанеева,m
Пологая улица,-
Уткинская улица,-
улица Морозова,m
Казанская улица,-
улица Сипягина,m
улица Давыдова,m
улица Адмирала Кузнецова,m
Щитовая улица,-
Прибрежная улица,-
улица Ветеранов,-
Партизанская улица,-
улица Ладыгина,m
Фастовская улица,-
улица Воропаева,m
Стрелковая улица,-
улица Бурачка,m
Горийская улица,-
Владикавказская улица,-
улица Трудовых Резервов,-
улица Приходько,m
Трудовой переулок,-
Ланинский переулок,m
Севастопольская улица,-
Херсонская улица,-
Уссурийская улица,-
Ульяновская улица,-
Заречная улица,-
улица Ватутина,m
улица Фрунзе,m
Симферопольская улица,-
Камский переулок,-
проспект Острякова,m
Амурская улица,-
Днепровская улица,-
Садовая улица,-
Хабаровская улица,-
улица Нефтеветка,-
Волховская улица,-
улица Героев Варяга,-
улица Вострецова,m
улица Постышева,m
улица Корнилова,m
улица Завойко,m
Днепропетровская улица,-
улица Нахимова,m
улица Ильичёва,m
Невская улица,-
улица Шошина,m
улица Толбухина,m
Мичуринская улица,m
улица Карбышева,m
Южно-Уральская улица,-
улица Жигура,m
улица Арсеньева,m
улица Пестеля,m
улица Станюковича,m
улица Авраменко,m
улица Карла Жигура,m
улица Нейбута,m
улица Черняховского,m
улица Зелёный Бульвар,-
улица Зелёный бульвар,-
улица Вице-Адмирала Сабанеева,m
улица Руднева,m
Стрелочная улица,-
Сельская улица,-
13-я Рабочая улица,-
Тюменская улица,-
улица Мира,-
Тобольская улица,-
Киевская улица,-
улица Мехлиса,m
Батумская улица,-
улица Куйбышева,m
4-я Флотская улица,-
улица Басаргина,m
улица Космонавтов,-
Катерная улица,-
улица Добровольского,m
улица Волкова,m
Вязовая улица,-
улица Минёров,-
3-я Строительная улица,-
2-я Строительная улица,-
улица Новожилова,m
улица Патрокл,m
Бархатная улица,-
улица Никифорова,m
Монтажная улица,-
Нарвская улица,-
улица Аллилуева,m
Пионерская улица,-
улица Марченко,?
улица Капитана Шефнера,m
улица Багратиона,m
улица Маковского,m
Ленинская улица,m
Снеговая улица,-
улица Леонова,m
улица Нестерова,m
Берёзовая улица,-
Ольховая улица,-
Выселковая улица,-
улица Шкипера Гека,m
Экипажная улица,-
Славянская улица,-
5-я Проходная улица,-
Тульская улица,-
улица Орджоникидзе,m
1-я Рабочая улица,-
Авроровская улица,-
улица Шевченко,m
улица Чкалова,m
Магнитогорская улица,-
улица Гульбиновича,m
Могилёвская улица,-
улица Крылова,m
Ключевая улица,-
Комсомольская улица,-
Волочаевская улица,m
улица Тургенева,m
улица Связи,-
Полярная улица,-
улица 60 лет ВЛКСМ,-
Воронежская улица,-
улица Довженко,m
Кишинёвская улица,-
Академический переулок,-
Алтайская улица,-
улица Башидзе,m
Читинская улица,-
Бежецкая улица,-
Беломорская улица,-
улица Беляева,m
улица Босфора,-
улица Буссе,m
Военное шоссе,-
4-я Проходная улица,-
Вокзальная улица,-
Волгоградская улица,-
Волжская улица,-
Буреинская улица,-
улица Крыгина,m
Саратовская улица,-
Перекопский переулок,-
Деревенская улица,-
Печорская улица,-
Розничная улица,-
улица Рылеева,m
Ёлочная улица,-
Западная улица,-
Запорожская улица,-
улица Зои Космодемьянской,f
Липовая улица,-
улица Надибаидзе,m
Импортная улица,-
Дубовая улица,-
Острогорная улица,-
тупик Босфора,-
1-я Поселковая улица,-
Приморская улица,-
Артековская улица,-
улица Ленина,m
улица Постникова,m
улица Белашева,m
улица Софьи Перовской,f
улица Усатого,m
улица Тихонова,m
улица Мищенко,?
улица Марии Цукановой,f
Центральная улица,-
улица Карла Маркса,m
Подгорная улица,-
Строительная улица,-
Заводская улица,-
Морская улица,-
улица 40 лет Октября,-
улица Кутина,m
улица Приморского Комсомола,-
улица Аллея Труда,-
улица Маслакова,m
Госпитальная улица,-
Карская улица,-
Карьерная улица,-
улица Блюхера,m
улица Горького,m
улица Академика Крылова,m
Керченская улица,-
Федосеевский переулок,m
улица Лебедева,m
Траловая улица,-
Балтийская улица,-
Советская улица,-
Кривой переулок,-
Краснофлотская улица,-
улица Корабельная Набережная,-
улица Зальпе,?
Железнодорожный переулок,-
1-я Шоссейная улица,-
3-я Линейная улица,-
2-я Линейная улица,-
Пригородная улица,-
Московская улица,-
улица Александра Грина,m
Зелёный переулок,-
Верхняя улица,-
Дальняя улица,-
Шестая улица,-
Четвёртая улица,-
Пятая улица,-
Девятая улица,-
Десятая улица,-
Двенадцатая улица,-
Союзная улица,-
1-я Круговая улица,-
улица Глинки,m
улица Брюллова,m
улица Академика Курчатова,m
Зелёная улица,-
улица Ганслеп,m
улица Долгова,m
улица им. Ф.М.Русецкого,m
Советский переулок,-
Первомайская улица,-
Южная улица,-
Андреевская улица,m
улица Ворошилова,m
улица Дзержинского,m
улица Подножье-1,-
Школьная улица,-
Брестский переулок,-
Брестская улица,-
Юбилейная улица,-
улица Кочубея,m
Пограничная улица,-
улица Пушкина,m
Братская улица,m
Северная улица,-
Рыбацкая улица,-
улица Щорса,m
Новомировская улица,-
Пушкинский переулок,m
улица Мичурина,m
Солнечная улица,-
Колхозная улица,-
Коммунальная улица,-
улица Чайковского,m
Песчаная улица,-
Дачная улица,-
Светлая улица,-
Ялтинская улица,-
Радужная улица,-
Шуйская улица,-
Трансформаторная улица,-
Пихтовая улица,-
Сиреневая улица,-
Лесная улица,-
Новая улица,-
улица Сахарова,m
Молодёжная улица,-
Верхняя Дачная улица,-
Звёздная улица,-
Русский переулок,-
улица Надежды,f
Грибная улица,-
Нижняя Дачная улица,-
улица Строителей,-
Тихая улица,-
Весенняя улица,-
Родниковая улица,-
Ягодный переулок,-
Кустовая улица,-
улица Рудакова,m
Гвардейская улица,-
улица Краева,m
улица Матросова,m
улица Осипенко,f
Рабочая улица,-
улица Чайкина,m
Заовражная улица,-
Уральская улица,-
Красногвардейская улица,-
Самарская улица,-
улица Чичерина,m
улица Успенского,m
переулок Шевченко,m
улица Воровского,m
Шкотовская улица,-
Главная улица,-
улица Грязелечебница,-
Садгородская улица,-
улица Александровича,m
улица Академика Курчатова (ст. Спутник),m
улица Шишкина,m
улица Курчатова (ст. Спутник),m
Лянчихинская улица,-
улица Фета,m
улица Тимирязева,m
улица Фанзавод,-
Минеральная улица,-
Таёжная улица,-
переулок Павленко,m
Высокая улица,-
Лесной переулок,-
Донбасская улица,-
Полевая улица,-
Узбекская улица,-
Клубная улица,-
Ясеневая улица,-
улица Адмирала Угрюмова,m
1-я Проходная улица,-
улица Мыс Чумака,m
2-я Проходная улица,-
Опорная улица,-
улица Пирогова,m
4-я Восточная улица,-
Порт-Артурская улица,!
улица Курчатова,m
Черноморская улица,-
4-я Пригородная улица,-
улица Радио,-
улица Металлистов,-
Лазурная улица,-
улица Жуковского,m
улица Грибоедова,m
Военный городок,-
Рокадная улица,-
улица Семирадского,m
Ильменская улица,-
Гастрономная улица,-
Парковая улица,-
улица Горняка,m
улица Геологов,-
улица Пацаева,m
2-я Промышленная улица,-
1-я Промышленная улица,-
улица Пожарского,m
Восточный переулок,-
Подгорный переулок,-
улица Токаревский Маяк,!
Рейдовая улица,-
улица Паллады,f
Американская улица,-
улица Адмирала Горшкова,m
улица Анны Щетининой,f
улица Верещагина,m
Восточная улица,-
улица Коготунь,-
2-я Рабочая улица,-
Крымская улица,-
Кедровая улица,-
Заречный переулок,-
Высоковольтная улица,-
улица Менделеева,m
улица Полетаева,m
Розовый переулок,-
Розовая улица,-
Скатная улица,-
Курильская улица,-
Коралловая улица,-
улица Авиаторов,-
Парашютная улица,-
Татарская улица,-
2-я Круговая улица,-
Заводской переулок,-
Станционная улица,-
Каспийская улица,-
улица Байдукова,m
улица Клары Цеткин,f
улица Чугаева,m
2-я Шоссейная улица,-
улица Лесопитомник,-
улица Энгельса,m
улица Пшеницына,m
улица Берзарина,m
Ангарская улица,-
Александровская улица,m
Ремзаводской переулок,-
Ремзаводская улица,-
Бийская улица,-
улица Академика Касьянова,m
Кронштадтская улица,-
Сопочная улица,-
улица Раевского,m
Можайская улица,!
улица бухта Якорная,-
улица Северный Выход,-
улица Айвазовского,m
улица Клевера,?
улица Щедрина,m
улица Фонвизина,m
улица Карамзина,m
улица Достоевского,m
улица Экипажная (о. Русский),-
улица Шигино,-
Верхненабережная улица,-
3-й Шахтерский переулок,-
Ржевская улица,-
Смоленская улица,-
улица Будённого,m
улица Есенина,m
улица Каманина,m
Почтовая улица,-
улица Заслонова,m
3-я Морская улица,-
2-я Морская улица,-
Западный переулок,-
Уткинский переулок,-
улица Первооткрывателей,-
2-й Зареченский переулок,-
Ставропольская улица,-
Коллективная улица,-
улица Вахрушева,m
Кузбасская улица,-
Холмистая улица,-
Счастливая улица,-
Светлогорская улица,-
улица Лунник,-
Малый переулок,-
улица 8 Марта,-
Совхозная улица,-
1-я Деповская улица,-
2-я Деповская улица,-
Артёмовская улица,m
Океанская улица,-
улица Ломоносова,m
Барбарисовая улица,-
Вересковая улица,-
улица Репина,m
улица Грекова,m
улица Сурикова,m
улица Поленова,m
Третья улица,-
улица Белинского,m
Восьмая улица,-
Спасская улица,-
Кольцевая улица,-
улица Пархоменко,?
Стахановская улица,m
Тернейская улица,-
улица Юности,-
переулок Чугаева,m
Лиманная улица,-
Охотская улица,-
Посадская улица,-
cт Строитель-1,-
Вознесенская улица,-
Спокойная улица,-
Тёплая улица,-
улица Вавилова,m
2-я Матросская улица,-
3-я Матросская улица,-
Отлогая улица,-
улица Пугач,-
Новгородский переулок,-
Сокольничий переулок,-
Жариковская улица,-
Маньчжурская улица,-
улица Крупской,f
Вязовый переулок,-
Парковская улица,-
Совхозный переулок,-
Автозаводская улица,-
улица Матюшкина,m
улица Сосиновича,m
улица 1 Мая,-
Красноармейская улица,-
Морской переулок,-
Дисциплинарная улица,-
2-я Луговая улица,-
Красноармейский переулок,-
Краснофлотский переулок,-
Тракторная улица,-
Анисимовская улица,-
Нагорная улица,-
Семафорная улица,-
Степная улица,-
Гарнизонная улица,-
3-я Гарнизонная улица,-
2-й Анисимовский переулок,-
улица Маяковского,m
Школьный переулок,-
Маяковского улица,m
улица 49 км,-
улица Свердлова,m
улица бухта Муравьиная,-
Рыбацкий переулок,-
Абрикосовая улица,-
улица Баумана,m
улица Жданова,m
Донская улица,-
бухта Муравьиная,-
Находкинская улица,-
улица Барклая,m
Мариупольская улица,-
Ростовская улица,-
Карагандинская улица,-
Кузнецкая улица,-
Полтавская улица,-
улица Девятый Вал,-
3-я Круговая улица,-
Иманская улица,-
улица Дунаевского,m
улица Коммуны,-
Мостовая улица,-
улица Сусанина,m
Воронежский переулок,-
2-й Байкальский переулок,-
1-й Байкальский переулок,-
1-я Центральная улица,-
2-я Центральная улица,-
3-я Центральная улица,-
4-я Центральная улица,-
5-я Центральная улица,-
улица Профессора Шапкина,m
улица 50 лет Октября,-
улица Адмирала Смирнова,m
Кирпичная улица,-
улица Набивайло,?
улица Давыдовка,-
Тупиковый переулок,-
улица Григорьева,m
Водопроводная улица,-
Озёрная улица,-
Линейная улица,-
Весенний переулок,-
Мирная улица,-
Овражная улица,-
Трактовая улица,-
Индустриальная улица,-
улица Некрасова,m
Кустарная улица,-
улица Щелкунова,m
Шахтёрская улица,-
Тавричанская улица,-
улица Суворова,m
улица Конева,m
улица Жукова,m
Речная улица,-
Целинная улица,-
Квартальная улица,-
микрорайон АТЭК,-
улица Лейтенанта Григорьева,m
Косой переулок,-
улица Радиостанция,-
улица Новая Надежда,-
переулок Григорьева,m
улица 2-ое отделение 44-й Совхоз,-
Дубравная улица,-
улица 2-ое отделение, 44-й совхоз,-
Садоводческая улица,-
улица Куценко,?
Парусная улица,-
улица Победы,-
Капитанская улица,-
улица Зелёная Аллея,-
Грибной переулок,-
улица Имени Светланы Морозовой,f
улица Штурма,-
Озёрный тупик,-
Кедровый тупик,-
3-я улица,-
Вишнёвая улица,-
Тихий тупик,-
улица Рябиновка,-
1-я Линейная улица,-
Тыловская улица,-
Нижне-Садовая улица,-
улица Ползунова,m
Островская улица,m
Тыловский переулок,-
Шоссейная улица,-
Верхне-Садовая улица,-
Деповская улица,-
Базарная улица,-
Новый переулок,-
1-й Анисимовский переулок,-
улица Подстанция,-
Национальная улица,-
улица Дороша,?
улица 50 лет Советской Власти,-
улица Чулкова,m
Тихоокеанская улица,-
улица Старцева,m
Дорожная улица,-
улица Домашлино,-
Южнореченская улица,-
улица Варнина,m
улица Кравцова,m
Садовый микрорайон,-
Ботаническая улица,-
Тополиная улица,-
улица Силина,m
Зоологическая улица,-
улица Муравьиная бухта,-
улица Дубинина,m
1-я Ключевая улица,-
улица Павлика Морозова,m
2-я Ключевая улица,-
3-я Ключевая улица,-
переулок Сурикова,m
улица Очакова,-
улица Баневура,m
улица Стасова,m
Азовский переулок,-
1-й Севский переулок,-
Азовская улица,-
Севская улица,-
Ташкентская улица,-
2-й Линейный переулок,-
Депутатская улица,-
Таганрогская улица,-
Воркутинская улица,-
переулок Шишкина,m
1-й Линейный переулок,-
2-й Севский переулок,-
улица Крамского,m
Кузбасский переулок,-
Карагандинский переулок,-
улица Никитина,m
улица Зиганшина,m
3-й Линейный переулок,-
Керченский переулок,-
Крайний переулок,-
Севский переулок,-
улица Спутник,-
Паровозная улица,-
Зенитная улица,-
Оренбургская улица,-
улица Неверова,m
Одесская улица,-
Курская улица,-
Малиновая улица,-
Брянская улица,-
1-й Зареченский переулок,-
Мурманская улица,-
Валуйская улица,-
улица Пугачёва,m
Орловская улица,-
улица Лунника,-
Гранитная улица,-
переулок Сакко и Ванцетти,m
1-я Придорожная улица,-
Тупиковая улица,-
Геологическая улица,-
1-й Шахтерский переулок,-
улица Комарова,m
1-я Полярная улица,-
Ржевский переулок,-
4-й Шахтерский переулок,-
улица Минина,m
Смоленский переулок,-
2-й Шахтерский переулок,-
Сахалинский переулок,-
2-я Полярная улица,-
Красногвардейский переулок,-
3-я Полярная улица,-
Черниговская улица,-
улица Чуковского,m
Донской переулок,-
улица Власенко,?
Заводской проезд,-
Шоссейный переулок,-
Сапёрная улица,-
улица Песчанка,-
Тульский переулок,-
улица Давида Шлемова,m
улица Анатолия Ганжи,m
ст Клён,-
улица им.Анатолия Ганжи,m
с/т Клен,-
с/т Ягодка-1,-
с/т Муравей,-
Беговая улица,-
Круговая улица,-
Яблоневая улица,-
улица Черемухова,?
Хорошая улица,-
Матросовая улица,-
улица Ильи Муромца,m
Олимпийская улица,-
Карьерный переулок,-
Набережный тупик,-
Приморский переулок,-
Цветковый тупик,-
Переселенческая улица,-
Вишнёвый переулок,-
Амурский переулок,-
Морской тупик,-
улица Дружбы,-
Цветковая улица,-
Поворотная улица,-
переулок Победы,-
Изумрудная улица,-
Изумрудный переулок,-
Речной переулок,-
Флотская улица,-
Сотовая улица,-
Тёплый переулок,-
Церковная улица,-
Восточный тупик,-
переулок Тимирязева,m
Байкальская улица,-
улица Максимовича,m
улица Надарова,m
улица Августовского,m
улица Маргаритова,m
улица Венюкова,m
Аквамариновая улица,-
Штилевая улица,-
Высотная улица,-
Аметистовая улица,-
Листопадная улица,-
Жасминовая улица,-
Янтарная улица,-
Иннокентьевская улица,m
Минская улица,-
Петропавловский переулок,m
улица Тельмана,m
улица Ушакова,m
Бирюзовая улица,-
Жемчужная улица,-
Агатовая улица,-
Полуденная улица,-
Малахитовая улица,-
улица Шаляпина,m
улица Академика Королёва,m
улица Рокоссовского,m
Муссонная улица,-
Путятинская улица,m
Петропавловская улица,m
Суворовская улица,m
Ореховая улица,-
Кольцевой переулок,-
улица Кулибина,m
Надеждинская улица,m
улица Фучика,m
Жемчужный переулок,-
улица Гайдара,m
Рябиновая улица,-
Покровская улица,-
Камчатская улица,-
Вторая улица,-
улица Энергетиков,-
улица Вишневая(ДЭПСС),-
Даурская улица,-
Женьшеневая улица,-
улица Дубки,-
улица Портовик,-
ст Портовик,-
улица Венецианова,m
Благодатная улица,-
улица Перова,m
Первая улица,-
улица Василия Зверева,m
Клубничная улица,-
улица Архипова,m
Тимьяновая улица,-
Прямой переулок,-
Перевальная улица,-
улица Тропинина,m
Туманная улица,-
Седьмая улица,-
Заветная улица,-
Кустовой переулок,-
улица Боровиковского,m
улица Бекетова,m
улица Василия Рябова,m
Летний переулок,-
Балканская улица,-
Карпатская улица,-
Гималайская улица,-
Верхоянская улица,-
Тибетская улица,-
Пиренейская улица,-
Альпийская улица,-
Памирская улица,-
Саянская улица,-
Ливадийская улица,-
Тирольская улица,-
улица Докучаева,m
3-я Встречная улица,-
улица Разина,m
5-я Восточная улица,-
2-я Лесная улица,-
1-я Пригородная улица,-
3-я Восточная улица,-
3-я Пригородная улица,-
улица Янковского,m
2-я Восточная улица,-
2-я Пригородная улица,-
Виноградная улица,-
Дачный переулок,-
3-я Шоссейная улица,-
Голубичная улица,-
1-я Восточная улица,-
улица Бринера,m
Шахтовый переулок,-
1-я Лесная улица,-
Тисовая улица,-
Междугородняя улица,-
Шкотовский переулок,-
3-й Восточный переулок,-
Федеративная улица,-
Шахтовая улица,-
Восточный проспект,-
Виноградный переулок,-
3-я Лесная улица,-
Ромашковая улица,-
6-я Восточная улица,-
улица Шевелёва,m
Подъёмная улица,-
Облепиховая улица,-
улица Ключ 5-й,-
улица ВИР,-
Уютная улица,-
улица Охотской,-
улица Ключ 3-й,-
ст Дружба,-
Арктическая улица,-
улица Ключ 4-й,-
Флагманская улица,-
улица 5-й Ключ,-
улица Бианки,m
1-я Заречная улица,-
Сейнерная улица,-
улица Пришвина,m
Штурманская улица,-
Анютинская улица,-
улица Плеханова,m
Канская улица,-
Режицкая улица,-
Елецкая улица,-
Земляничная улица,-
1-я Встречная улица,-
с/т "Медик",-
Комитетская улица,-
Ломаная улица,-
2-я Крутая улица,-
Тверская улица,-
1-я Крутая улица,-
Левобережная улица,-
улица Республики,-
Короткая улица,-
улица Урицкого,m
Лучистая улица,-
Правобережная улица,-
Просторная улица,-
ст Медик,-
Васильковая улица,-
Гражданская улица,-
Главный переулок,-
Мысовая улица,-
Инженерная улица,-
Клинская улица,-
Призовая улица,-
Яхтовая улица,-
улица Майкова,m
Орбитальная улица,-
Ландышевая улица,-
Барсовая улица,-
улица Ветеран Революции,-
Абрикосовый переулок,-
Большекаменская улица,-
садовое некоммерческое товарищество Орбита,-
улица Апухтина,m
переулок Маковского,m
Дальнегорская улица,-
Анучинская улица,-
улица Сахарный Ключ,-
улица Салтыкова,m
Калиновая улица,-
Хвойная улица,-
улица Плещеева,m
улица Короленко,m
Грушевая улица,-
Богатинская улица,-
Персиковая улица,-
Шелковичная улица,-
Изюбриевая улица,-
Ясная улица,-
Фруктовая улица,-
Штормовая улица,-
Учительская улица,-
Ивовая улица,-
улица Строитель,-
улица Роберта Баха,m
Лунная улица,-
Медовая улица,-
улица Куинджи,m
Сливовая улица,-
улица Тютчева,m
Пасечная улица,-
Хасанский переулок,-
Аирная улица,-
Ягодная улица,-
Канатный переулок,-
улица Баратынского,m
Ежевичная улица,-
Цветочная улица,-
Фиалковая улица,-
Нектарная улица,-
улица Случевского,m
улица Стальского,m
Фанерная улица,-
улица Мечникова,m
улица Джамбула,m
улица Гассе,?
улица Бакунина,m
Тринадцатая улица,-
улица Академика Комарова,m
Фанерный переулок,-
Художественная улица,-
Безымянный переулок,-
Одиннадцатая улица,-
Рассветная улица,-
Пятнадцатая улица,-
переулок Верещагина,m
Четырнадцатая улица,-
улица Серова,m
Радужный переулок,-
Астрономический переулок,-
Цимлянская улица,-
Крылатый переулок,-
1-я Дачная улица,-
Пилотажный переулок,-
улица Мусоргского,m
Математический переулок,-
Грозовая улица,-
Небесный переулок,-
Облачный переулок,-
улица Аренского,m
Ясный переулок,-
улица Демьяна Бедного,m
Планерная улица,-
Взлётная улица,-
улица Гагаринского,m
улица Профессора Куренцова,m
переулок Радио,-
Ладожская улица,-
улица Академика Крушанова,m
Радарный переулок,-
улица Академика Воронова,m
Вертолётная улица,-
переулок Беринга,m
улица Рубинштейна,m
Географический переулок,-
Биологический переулок,-
улица Алябьева,m
переулок Полетаева,m
Соколиный переулок,-
Исторический переулок,-
1-я Гражданская улица,-
2-я Гражданская улица,-
улица Белякова,m
Хорольская улица,-
Сибирская улица,-
переулок Пархоменко,m
улица Академика Обручева,m
Хивинская улица,-
Аральская улица,-
улица Амундсена,m
улица Каляева,m
2-я Водопроводная улица,-
Залесная улица,-
улица Голицына,m
Капонирная улица,-
Фортовая улица,-
Областная улица,-
Извилистая улица,-
Мичуринский переулок,m
Калининградская улица,-
Кубанская улица,-
Иртышский переулок,-
улица Майора Филипова,m
Краснодонская улица,-
Краснозаводская улица,-
Милоградовская улица,-
Неманская улица,-
Металлургическая улица,-
Рионская улица,-
улица Лаптева,m
Альбатросовая улица,-
улица Пржевальского,-
Просёлочная улица,-
Родниковый переулок,-
улица Дежнёва,m
Минная улица,-
Горицветная улица,-
Волнистая улица,-
Железнодорожная улица,-
Томская улица,-
улица Мыс Кунгасный,-
3-я Северная улица,-
Хабаровский переулок,-
Мельниковская улица,m
Иркутская улица,-
Сеульская улица,-
Северо-Суйфунская улица,-
Метельная улица,-
Стрелочный переулок,-
9-я Рабочая улица,-
10-я Рабочая улица,-
Станичная улица,-
улица Карпинского,m
4-я Круговая улица,-
улица Лукоморье,-
улица Черкавского,m
улица Токаревская Кошка,m
Симбирская улица,-
Ярославская улица,-
Причальная улица,-
улица Клыкова,m
Инженерный переулок,-
улица Чернышевского,m
улица Лейтенанта Шмидта,m
улица Гаршина,m
улица Полонского,m
улица Огарёва,m
улица Чехова,m
Мопровская улица,-
Верхнеславянская улица,-
Зейская улица,-
3-я Южная улица,-
5-я Террасная улица,-
4-я Террасная улица,-
Тополевая улица,-
Сосновая улица,-
Нежинская улица,-
Балтовская улица,-
Лиственничная улица,-
Буковая улица,-
Чуркинский переулок,m
Кизиловая улица,-
Ракитная улица,-
Можжевеловая улица,-
Бакинская улица,-
3-я Поселковая улица,-
переулок Адмирала Макарова,m
Тамбовская улица,-
Тетюхинская улица,-
улица Полины Осипенко,f
Тихвинская улица,-
улица 20 лет ВЛКСМ,-
Североморская улица,-
Таманская улица,-
Архангельская улица,-
Феодосийская улица,-
Сочинская улица,-
улица Лесная (о. Русский),-
улица Мыс Доронина,m
Аэродромная улица,-
Адмиральская улица,!
Литературная улица,-
Студенческая улица,-
Поэтический переулок,-
Шкиперская улица,-
улица Матвеева,m
улица Николая Асеева,m
улица Асеева,m
Архитектурная улица,-
переулок Кучерявенко,?
переулок Матюшенко,?
улица Щербакова,m
Живописный переулок,-
улица Балабина,m
улица Михаила Щербакова,m
Островная улица,-
улица Гродекова,m
улица Панфилова,m
Ракетная улица,-
улица Яблочкова,m
Стрелковый переулок,-
Высоковольтный переулок,-
5-я Матросская улица,-
1-я Матросская улица,-
4-я Матросская улица,-
6-я Матросская улица,-
Промежуточная улица,-
7-я Матросская улица,-
Светланский переулок,f
Отрадная улица,-
Загородная улица,-
Приветливая улица,-
Курортная улица,-
Майская улица,-
снт Южное,-
3-я Полевая улица,-
2-я Полевая улица,-
5-я Полевая улица,-
4-я Полевая улица,-
1-я Полевая улица,-
Ростовскавя улица,-
улица Новицкого,-
Ставропольский переулок,-
улица Гончарова,m
Гусарский переулок,m
улица Купера,m
улица Ремезова,m
улица Зотова,m
улица Бушуева,m
улица Терентьева,m
улица Жарикова,m
улица Мандельштама,m
улица Саврасова,m
улица Васнецова,m
улица Клавдии Шульженко,f
улица Левитана,m
Танкерная улица,-
улица Аникушина,m
Рифовая улица,-
улица 6-й километр,-
Двинская улица,-
улица Решетникова,m
улица Врубеля,m
улица Новая Земля,-
Алданская улица,-
Голецкий переулок,-
Корабельная улица,-
Лазовская улица,-
1-я Счастливая улица,-
Лимонная улица,-
улица 37-38 км,-
Брусничная улица,-
Медовый тупик,-
Былинная улица,-
улица Бетховена,m
улица Маака,m
Владивостокская улица,-
улица Полковника Фесюна,m
Летняя улица,-
Радостная улица,-
Опаловая улица,-
улица Пояркова,m
улица Синкевича,m
Объездной переулок,-
улица Тупой Мыс,-
улица Брюсова,m
Фигурная улица,-
Якутская улица,-
улица им. В. Беляевой,f
улица Технопарк,-
улица Шаповалова,m
Боцманская улица,!
переулок Ветеранов,-
улица Ланина,m
Парковый микрорайон,-
улица Расула Гамзатова,m
Университетский проспект,-
1-я Перспективная улица,-
Беркутовая улица,-
Портовая улица,-
Зимняя улица,-
Низинная улица,-
улица Маркина,m
Еловая улица,-
Турмалиновая улица,-
улица Синичкина,m
Центральный тупик,-
Ильмовый микрорайон,-
улица Победы 4-я,-
Попутная улица,-
Центральный переулок,-
Полезный переулок,-
улица Субботича,m
Кленовая улица,-
Ишимская улица,-
кольцо Багратиона,m
Рыбинская улица,-
Корабельный переулок,-
Ужгородская улица,-
Рюриковская улица,m
Охотский переулок,-
Весёлая улица,-
Поисковая улица,-
Сигнальная улица,-
Мачтовая улица,-
Кронштадская улица,-
Лиановая улица,-
2-я Счастливая улица,-
3-я Счастливая улица,-
улица Рокотова,m
Журавлиная улица,-
Аллея им. Дениса Давыдова,m
улица Чингиза Айматова,m
Новороссийская улица,-
Буферная улица,-
улица Михайловского,m
Десантная улица,-
улица Лоскутова,m
аллея памяти Сергея Гимаева,m
улица героя России Жоги,m
улица Электрон,-
Безымянная улица,-
6-я улица,-
7-я улица,-
8-я улица,-
Рублёвская улица,?
Эвкалиптовая улица,-
Скалистый переулок,-
Заповедная улица,-
Булатная улица,-
улица Лукина,m
Озёрный переулок,-
Сотый переулок,-
Университетская набережная,-
Сахарный ключ,-
Сихотэ-Алинский проспект,-














